feature1,feature2,label
-0.6121431337710761,4.068063814310905,0
-0.9221747719098201,1.7314385449285263,0
-0.9409417748113157,2.1548299268318143,0
0.3469520165865304,1.0241609681259383,0
0.6709741145879806,-0.13200011823642863,0
-1.121976405384736,4.846309735058835,0
-0.5488439021219284,3.9344963688536723,0
-0.03582427849403558,2.0368531112075656,0
-1.2355137217893941,4.203148620496455,0
0.7137816815605369,-0.5297063740520206,0
-1.1161117524061397,4.049943918417571,0
0.6532529513389383,0.25042940748348524,0
-0.9352637646129813,1.9804206402160371,0
-1.0769536192966371,3.0915508908370715,0
0.9509135591251876,-1.2722924328905438,0
-1.13437092019753,4.41426853992527,0
-0.998170451095646,1.975376883340094,0
-1.171424071554602,5.072194632754292,0
-0.968304525353003,2.384188143291594,0
-0.6459610265811491,3.878726489490436,0
-0.17382290814706103,2.7663626254391276,0
0.41610651728047676,0.3181450734171977,0
-0.010395873869988415,1.768618519653388,0
-1.0953959641792619,4.32199780976175,0
-1.4851453176581506,4.512581757636018,0
-0.9075641720088844,4.568152727525424,0
-1.5207209137953241,3.917860720769967,0
0.6157109855652652,-0.5785841519577867,0
-0.1681702712638372,3.0016023079717766,0
0.02491279127537105,2.1419005213040196,0
-1.0796842910176385,2.241348947173891,0
-0.7423626475329221,4.4804982390099255,0
-1.1315601475626864,4.075922263648484,0
-0.9556592446472012,1.8127779274591633,0
0.36518795064200194,0.9505573708115392,0
-0.9342259381918134,5.103292677389634,0
-1.4183972370024691,4.680375593851828,0
-0.5138619770494154,3.7642988378544735,0
-1.373074698546763,4.021591796116614,0
-0.5849069949086301,4.12879166440667,0
0.5841574334575668,-0.018109602755001387,0
-1.2973537850779675,3.9395268251095956,0
-0.9536390903635213,4.661666756764791,0
-0.21067774142690027,2.6475169539176053,0
-0.038511148298136844,2.5217137233904885,0
-0.5251950977139848,3.6434737672410074,0
-1.3063490169124505,4.767806225187941,0
-0.9494700959804658,1.782061878728001,0
-1.0011766149626713,1.757262777887904,0
-0.7732193980389527,4.645879092781266,0
-0.015444703119253611,2.493565739170554,0
-0.9659708164173735,2.655179005083107,0
-1.1787307345061446,4.661829327328781,0
-0.1404784074508304,2.680549844580722,0
-1.2529730257094376,5.23984116014905,0
-1.031567720876493,4.3321680524763595,0
-1.4578462796736424,4.335443438351626,0
-1.2514231899519501,3.9612678317745047,0
-0.5410277298913397,3.8836322122301645,0
-1.0316509759845853,1.9316747156805811,0
-0.4748446729191139,3.5001634161440793,0
-0.9305786990316396,4.910715048246427,0
-0.5494758110026872,3.5738992403709946,0
-0.9347136305170395,4.629918220005722,0
-1.1463791317548506,2.8561433125549107,0
-0.38437806126558943,3.020904656990453,0
-1.2743696047710285,4.576951106599644,0
-1.2359574102838713,5.608889440995846,0
-1.186365891578835,3.42456011519819,0
-0.4500620673842698,3.395570008188595,0
-1.1771185836256142,3.2234642647724154,0
-1.1548976835208689,5.116395769714734,0
-1.394498269543942,4.947383988132689,0
0.03266062000212444,1.988318652776797,0
0.4868132834918281,0.6432930487870275,0
-0.8937030577173032,1.3589175213234594,0
-1.4064365048182963,5.676097154526364,0
-0.22842239425078703,3.1303695321003446,0
0.1595652562341151,1.6319590249991371,0
-1.3528394648992508,5.837271589093264,0
-0.9402285875968329,4.388570208349365,0
-1.3203624731986534,5.256609475977996,0
-1.112706650199944,2.8838980501066174,0
0.5219261820995039,0.3001698342384894,0
0.037305431962622926,2.3950744854963073,0
-1.2735792849319651,4.502205202116568,0
-0.8860024945995941,4.850287015095627,0
-1.1800147653741804,3.89415594810162,0
-1.0673050492512761,2.3960272123999946,0
-1.238910338698597,3.663134498093349,0
-1.2679457674104069,3.7008176973225684,0
-1.4612277730507106,5.183548194497222,0
-1.302850044640599,5.20389015659608,0
-0.12519703849957442,2.828934391512941,0
-0.3070784239218851,3.6653852162963263,0
0.8583550199188328,-1.1531497201672885,0
-0.876779492442812,4.7566293836352065,0
-1.0455354374633392,2.4255001100684606,0
-1.2094866536758224,4.122707697480637,0
-1.2032518075889036,5.199578797177974,0
0.32361208994094937,1.216479746180101,0
-1.2925917664474578,4.351145440527012,0
-0.8791725983584144,4.751555033159923,0
-0.14191734823697089,2.733920595025274,0
0.650358103690636,-0.22533389698026415,0
0.33921506139303026,0.722927072185716,0
-0.5970173446675785,4.454617641632544,0
0.043251704143759784,1.9901024281840778,0
-1.356785113857112,5.2689584328176045,0
-0.42633809191198313,3.5220751701885646,0
-0.8231778246049912,4.45608761989486,0
-1.036348122087084,2.3988414012964587,0
-0.06596973827490538,2.6591542978445655,0
-1.2388082672004601,4.919394506444606,0
-1.0794738746658792,5.480201124103876,0
0.49092429713855806,0.6910613312386454,0
-0.8235453199996536,4.772346582702768,0
0.05095452809495238,1.8035896842372574,0
-0.4126424575141543,3.4606339639851136,0
-1.2732005920254208,3.4348215656556595,0
-1.2129362891572042,5.184312807622925,0
-1.3853757994947127,4.397934500986578,0
-1.0769460906707486,4.79789132046211,0
-1.0418896560785138,2.032317169880381,0
0.5478444558975901,0.28610247553499213,0
-1.0513498688613407,3.0266687837143147,0
-1.5074953978948773,4.2045750750939135,0
-0.4314230443496231,3.2578531379777838,0
-0.7872419228143577,4.045091501226902,0
-1.1291800318103067,4.586946236933306,0
-1.3214523789252772,5.365928510286273,0
0.5840345711582438,0.0017339112716002825,0
0.9018548194455873,-1.8077584215723734,0
-0.4582990715584835,3.484319591742729,0
0.05462361598931187,2.1608562529142583,0
0.07479436912694537,1.7382268794808151,0
-0.855605015657717,4.0642180772567915,0
-1.3616161616288167,5.447532233320513,0
-0.6561223922763472,3.7798854063070544,0
0.02801341401223012,2.5959087603536277,0
-1.112723991965701,4.345677683811214,0
0.4830229741404092,0.20149161476256494,0
-0.060426327703829164,2.5573727902692447,0
0.49984897166982045,0.3436001883914726,0
0.08289415474280082,1.7797483766186168,0
-1.1292992015026888,4.710804267551513,0
-0.5199040385880596,4.092777798779453,0
0.45645037347721595,0.3347906506877546,0
-0.6872568175555998,4.309085535385909,0
-1.199601740667185,4.754348275608344,0
0.5531051805243548,0.3431047375915093,0
-1.0917295497337638,3.506377075344744,0
-1.083315037656403,2.1570710089726606,0
0.48914910696917285,0.1446077381554623,0
-0.6717646496011612,0.6406910495719841,0
-1.047678882303277,4.615309125486611,0
0.5182442449435031,0.5162948305113427,0
0.2874507937480017,1.3874336176706727,0
-0.6101424163621336,3.957022368117297,0
-0.8617513904236734,1.1455108690066844,0
-1.1162178366781377,4.958967205362579,0
-1.141722432704014,4.68408431920184,0
-1.452401186005637,4.649336199622013,0
-0.9512806876111393,4.959775819578867,0
-1.3262010721991784,5.741500745842289,0
-1.036596519457768,4.724850159395911,0
-0.2739678039685345,2.892058874114004,0
-0.6856956038828532,4.710644280150488,0
0.1274075058955465,1.7315657780494744,0
-0.42489184564490373,3.760463799777106,0
-1.062814376916001,2.4584751714469615,0
-1.1962235071766085,5.4997640624250925,0
-0.5316072322909455,4.296148809464926,0
-0.7996079816166223,0.9344272380580341,0
0.3501782717209557,1.356373096601424,0
-0.9997741212644559,4.99012051521529,0
0.4362712655685977,0.3252168148307352,0
-1.2429386590640603,4.918153146003166,0
-0.912015331735269,4.4193136278282665,0
-0.5670251063055395,4.247806923135196,0
-1.4076793432768504,3.9869112873568837,0
0.0028052963923317353,2.268728610628671,0
-1.150951301053377,4.39500532612183,0
-0.8703040342581114,4.341042463096221,0
-0.266331324327883,3.3225417511961113,0
-0.19208822165940997,2.312916040504226,0
0.5198421184286306,0.14476273314744587,0
-0.8672656758521904,4.276960683411986,0
-1.105635476706848,2.6133920069997782,0
-0.744062883593111,4.457959632435211,0
-1.367219816340468,4.138697656424625,0
-1.0289942481395022,4.7556886465780455,0
-1.2696749529509472,4.946313813493185,0
-1.1019889053289795,5.519833731807503,0
-1.4664230081877787,4.816826358455491,0
-0.9336363289872059,4.458102506101083,0
-0.7657470984940882,1.2472643625033075,0
0.05197960638594323,1.9117440491789746,0
-0.8123036531341871,3.953095905084325,0
-0.9236008703390078,1.900011851705027,0
-0.14853156263444944,2.471920052286606,0
-1.2784885009113445,3.425695143879389,0
-1.3801527709939498,4.921121897373826,0
-0.8057261638639746,4.942258738148734,0
-0.6678708140211693,4.645526756204453,0
-1.2884799831733322,5.174542301128712,0
-1.3140403813808899,4.250035560132891,0
-0.9920647368450889,1.845086673010604,0
0.5886480059817246,-0.08110221834377634,0
-0.10395874363984658,2.607229344233779,0
0.7191765051984029,-0.4505595567155868,0
0.12355430659995748,2.0471273050626464,0
-1.2677186865142462,4.344418088097593,0
-0.5720803089371824,3.834638266695114,0
-1.1879747634048168,5.060412381655165,0
-0.9639603795890339,4.559011272402662,0
-1.2110222746380992,4.883365277473477,0
-0.7794280004841182,0.991492721349868,0
-0.6426015540558007,4.052106908027757,0
-0.7883405949926934,4.454491684146426,0
0.18600925548987057,1.7648132643999617,0
-1.224826872193111,4.62128967473709,0
-1.6464374158932034,6.619713719875638,0
-0.7780411175994778,1.1968904195297254,0
-1.303045067969968,4.685269069217228,0
0.2929557584326406,1.1031255431834612,0
1.1352181449877758,-2.4405331582684986,0
-0.5909831963865995,3.9905649548186948,0
-0.9322207404224178,4.892643343983981,0
-0.1958851390172216,3.055780238989237,0
-0.7170884015407079,4.33530895245709,0
-1.287428881675054,4.451562119777048,0
-0.9095662001434895,5.002803959287842,0
-0.1400318395650927,2.5342234449382652,0
0.18433542288968496,1.4465602904839814,0
-1.0129305501756347,1.8807206790997577,0
-0.15098199752580443,2.543831765684961,0
-1.1668128424116453,2.2876024250798537,0
-0.7671033694338276,4.166801557423115,0
-1.23438807525318,5.263609267660961,0
-1.2664425732794211,3.2349746942043462,0
-0.7859209545119362,3.8178313838021416,0
-1.0985257684065268,3.9265100923062652,0
-0.7777528404690262,4.496058302427764,0
0.005713715891755067,2.2151213330657415,0
0.01950246596207328,2.1422148166994126,0
-0.7607265847496019,4.549817315114544,0
-1.1057576297884018,3.51970526982126,0
-0.3932554924686531,3.2843539920953595,0
-1.0637295513847558,2.1915673341130097,0
-0.8179930604818503,4.726803990084982,0
-0.8287152441500419,4.544004492153708,0
-1.0986793373021266,4.79700153557512,0
-1.297265498721873,3.8191722787261817,0
-1.3897662357224685,4.43048678246631,0
-0.6500463236423948,4.167838685943714,0
-1.1985722114851987,4.197723973903077,0
-1.088736379702049,5.198516379172155,0
-1.0275571332500952,2.422001365014181,0
0.07082688070576093,2.047583568983709,0
0.1530011299845752,1.5650169003468284,0
-0.49029417069469394,3.9491401669946566,0
-1.1390223841261151,5.014260819494624,0
-1.3731342318742883,3.6199267683210605,0
-0.10974252786991234,2.49653504088131,0
-0.6915131415299751,4.342595781381929,0
-1.1768277642741845,3.8383005502776832,0
-1.1677671373509666,3.912692128788209,0
-1.174476219948072,3.3969972613362835,0
-1.2307079378432566,5.0145640284440125,0
-0.35522539498539096,3.8025231471555214,0
-1.148836231029232,2.9955270922861525,0
0.7850729454145918,-0.8069820970861882,0
-1.2856615777959013,4.6378174686122415,0
-1.0388289436156768,2.1823578197452784,0
-1.0530576002969358,2.3899080546985187,0
-0.9180237662827869,4.763260362200286,0
0.017423848106297712,1.7635094213436702,0
-0.801384977211985,0.9001061615039834,0
-1.2328026122003442,4.418568774648685,0
-1.0852094699496326,4.380392795786638,0
0.5925275518249149,-0.09651968782932105,0
-0.15139739997042367,2.856461821281649,0
0.171915150002941,1.635575215719756,0
0.27324710252942414,1.3179166592713585,0
-1.0809310251487423,4.806392494888212,0
-1.2822377209431004,3.0541737565628835,0
-0.9712415738189366,3.186508180513512,0
-1.1424515852472839,4.495326652882854,0
-1.060534895687685,3.2550477502218675,0
0.4313339079698156,0.42548134434864715,0
-1.0159834899288525,4.908360095800544,0
-0.8234622767535345,4.4908921068140275,0
-0.6293200533214067,4.047853467662057,0
-1.0806537665678997,2.0223683156230585,0
-0.6253727303514315,3.8374593273778212,0
-0.060218205399056646,2.451766367011975,0
0.07288764262653058,2.2618593091899353,0
-1.3878150128905138,4.862139770232167,0
0.37913410263415714,0.9699490246621703,0
-0.8030838238956222,1.4423170647297785,0
-1.030307280106987,2.34415969967423,0
-1.3618710183377776,3.5568698152267517,0
-1.1922909237262747,4.911832149262188,0
-1.0510300517465319,4.632942672360469,0
-0.0916382405363082,2.545708760155842,0
-1.386307073316796,5.618872771788768,0
-0.950224001611369,2.2777284719701143,0
-1.2832100279549592,3.7175831747146018,0
-1.2102284138043946,3.661663391020848,0
-1.4680944897129287,4.838691635287457,0
-1.2427311335671642,5.071711758216137,0
-1.1142670126089997,5.536536964236563,0
-0.2984658421845803,2.951528339327822,0
-0.5746244497878833,3.897160731050311,0
-0.07256045338693551,2.694272252889011,0
-1.0808357415048808,4.87225937326906,0
0.11838953378677697,1.8252665131490078,0
0.7000241511952764,-0.3702774438174752,0
-1.21409010559623,4.987408985270616,0
-0.7592834686783747,4.32210367516291,0
-0.9607692736689744,4.27023265631373,0
0.48675135556594934,0.20811918590835715,0
-1.0216875834350594,4.800955072396788,0
-0.9545786356586661,4.470758780781427,0
0.596199553452043,-0.17883009011310766,0
-1.0656557324320837,2.6264757913299515,0
-0.6913251121879485,3.9356637379620314,0
0.520800603673805,0.3005090970185259,0
-0.4675533994179941,3.539824094748389,0
0.7808203545103596,-0.43318283776751776,0
-1.4615083302614869,4.664993849537846,0
-1.1240113296786785,2.888644579208757,0
-1.1220187692594306,2.446930894547642,0
-0.8125847046361447,4.6209011528871144,0
-0.965598145701649,4.876322755986499,0
-0.3223817411318429,3.604587422423399,0
-0.9634316239810983,1.7557722064382533,0
-1.1329699755540341,3.888379591500983,0
-0.39645843472021114,3.4527117397093474,0
-0.833472373533552,4.288819641282283,0
-1.2480560538600598,3.5722232102437133,0
0.14369356108121423,1.8634734248733074,0
-1.1176376454724055,3.7985335923361294,0
0.4845619533646732,0.6577130928014024,0
-1.0350279129931628,5.651300537506346,0
0.5716411450920935,0.14155617009722823,0
-1.425161244732828,5.222061546450036,0
-1.4923433955374596,5.486970585815863,0
0.21014110049579804,1.7384933004064063,0
0.27217146535171155,1.2000678382528978,0
-0.87872146488604,1.271975361416961,0
-0.7321342422811217,0.6703144430586206,0
-0.020903443775065367,2.385629393484866,0
-1.434197420557072,4.328943081532088,0
-1.1771958017480266,4.782496630968252,0
0.6909742039503906,-0.31917077584635967,0
-0.7458758763357348,4.162767025229252,0
-0.16989651614518697,3.42674805648605,0
-0.8126379245988695,4.670715264512361,0
-1.0389866663881864,3.568389589844127,0
0.7656256892469926,-0.9137509555136777,0
-1.2552552874023486,3.283728719329545,0
-1.2194743507197205,4.128906330783959,0
-0.7901488159246771,1.2148570085176134,0
-0.024814457161225878,2.4592153282237645,0
-0.9415258149214369,2.7355163186644966,0
-0.30912818998617886,3.092120050478864,0
-0.9969347828238504,4.405977641458398,0
-1.293153024045623,4.8099026336186,0
-0.4823967063090274,3.6115523669532967,0
-1.0842385833400272,4.768666146603054,0
0.2163129345360537,1.112366936531268,0
-0.5043909986204905,3.1769607650694702,0
0.6255594326540004,0.2724752136215887,0
0.5176020968744486,0.07662132191987905,0
-1.1271771749399324,4.942766414865352,0
0.1722680955973357,1.7754606840202047,0
-1.3491076300711637,4.041175559348207,0
-1.0202103284030335,4.8074358830454935,0
0.16036601741673684,2.047876892236975,0
-1.0706106166284266,2.317495058275715,0
-1.1252410546833538,4.919751693804562,0
-0.3696616111562661,3.444100951197201,0
-1.1323906690014904,4.363844895534372,0
0.05780303873292342,1.601153236183965,0
-0.4052240578554708,3.694344628034969,0
-0.8852747048051478,4.612924316336212,0
-0.5052446190410986,4.057758649515561,0
-0.6838623390597374,4.014690236672279,0
-1.219682776751256,4.879691530096661,0
-0.5888465189993027,3.8255053247473696,0
-1.16688863409579,5.09569731466262,0
-0.876618997946603,1.4294175061633896,0
0.16375307327205502,2.089001066832084,0
-1.3485688267976403,5.120981183130776,0
-1.0462741457319797,3.1437309786794514,0
-0.9472372027163313,1.4282471474115819,0
-1.240995007475529,2.9418276636542027,0
-0.46247560640764723,3.7289882978986126,0
-1.0756656796593673,2.02836504397562,0
-0.9376362090119871,4.892462332796079,0
-0.4523235440851445,3.3698977730018047,0
-1.0451622647960332,2.9663678785233727,0
0.3186084827773844,0.9593746018128643,0
0.42678591555660467,0.645349681039239,0
-1.0001296289020223,2.4162193876410805,0
-0.5133967151192732,3.737961231415422,0
-1.373663865184336,4.958120388130581,0
-1.2251759569689566,3.6130779440746985,0
0.02169426123192375,2.3591532226711753,0
0.30783909090696593,1.0803853018258227,0
-1.4650199546250637,5.179596004235873,0
-0.9053896379603195,1.8070976843186815,0
-0.9104746260173978,1.905514396227567,0
0.7296797597969604,-0.48622274552223055,0
-0.5024362188100117,3.9055120189093224,0
-1.0661450974749904,3.3219038261381875,0
-0.31574577504052287,3.036252509378041,0
-1.3405692738595243,4.746345528340664,0
-1.0988196836696258,4.333977717476352,0
-0.7507612619546713,1.3719042822642282,0
-1.2073659455391283,3.1234396352734377,0
0.3793699372334756,1.2299050848947095,0
-0.48062288144753185,3.815978359690421,0
-1.0423777081635741,2.5668974527642576,0
-0.8564947060012986,1.39907059262476,0
-1.1612297593329506,2.8500592404496605,0
-0.9796406912176173,1.9262837580793417,0
-1.18689444690104,4.114391106206019,0
-0.1544845333667083,2.6356522790168917,0
0.16480742744946864,1.7774092657004037,0
-0.8557743280419265,1.1227497784173857,0
-1.1217496283769341,2.8293481479842018,0
-1.0995294894788126,4.061808702070255,0
-1.0509507705445384,4.757779757355861,0
-1.0598880126877261,4.478627297268397,0
0.08667908539655111,1.5647747042411186,0
-1.0635848198662137,2.280566436821947,0
-0.7930827488829086,4.466076624843335,0
0.5698346866535878,0.14534237799802274,0
0.4589483274055385,0.46486730335118065,0
-0.826644166591331,4.577052546454754,0
-0.8125502824232702,4.200365649060648,0
-1.1903554682787678,4.255375067028246,0
-0.7897329874041601,4.7779176950769715,0
-1.1181490883469136,5.028462130969617,0
0.3711901157660579,0.736687470083823,0
-0.7780549943161617,4.6141988672953715,0
-1.028566571767072,4.229244131478362,0
-1.1997001351898806,3.287632158737303,0
-0.6528567510679685,0.9270050603436294,0
-1.0298549236915184,3.9582500341013778,0
0.41676640610012516,0.6225985232623893,0
-1.2680789353265383,3.3431816391063562,0
-0.8846374476922623,4.626467328590041,0
-1.0934750180935504,4.412586654453986,0
-1.160244430294288,3.6076573233191604,0
-1.3753046540674745,5.279406674959976,0
-0.25312876212404845,3.0412869076948974,0
-0.9924101274549209,1.766136728443487,0
0.38784313707273244,0.27758122958583237,0
0.7532659240575872,-0.808070619849901,0
0.3656748887483955,0.21150149977476074,0
-0.14919472435669223,3.3310828109738955,0
-1.6191981892867995,5.337699053372613,0
-0.3526933723689321,3.349901894672816,0
-1.3334972355923258,4.067455343644066,0
-1.3173145575884144,3.6274960487056735,0
-0.6517730213135877,4.6256403890780735,0
-1.2749367385737018,5.514344261473094,0
-1.1605758053175361,2.6205179139394583,0
-0.879331198637453,1.3329211827413847,0
0.2359948271464839,1.7002195288826885,0
-0.9127505157951222,4.579259504361696,0
-0.7109668763104169,4.030753490235855,0
-0.39573670956859147,3.501432467766273,0
-1.1966464478962267,3.7038516145437907,0
-0.9817748522716926,1.8327992917054403,0
-0.6198670355877898,3.916805906251383,0
-0.7174540884634302,4.589573395721403,0
0.08471568327225776,2.125622767133581,0
0.7914295489574368,-0.7528560168844667,0
0.1557317337079035,1.6568100199668878,0
-1.585497263356691,6.002861937105111,0
-0.15538356578620105,2.7087199964016113,0
-1.0233776546615576,2.3009228730790863,0
-1.33602415026601,4.404946974427167,0
-0.396248695216634,3.73994258297597,0
-0.9971180815163032,2.4349815488458635,0
-0.9417320965653629,2.0595386494517185,0
0.1652915532046686,1.7567456404773525,0
-1.0464275535232355,1.9736282812340233,0
-0.9502701328986266,3.6894984094316627,0
-0.5043420831276444,3.8195851998490213,0
-1.1591586367081124,5.098517240116077,0
0.2572209082139629,1.193524252888817,0
-0.9397053853118403,4.358513990827833,0
-0.07797217642045984,2.555059688123281,0
-1.324569313813221,4.424889892989231,0
-1.3043517145896606,3.761117220638494,0
-0.4729936040715922,3.2707119511483063,0
-0.30952084619369535,3.2962973783468827,0
-0.3748591464843377,3.084132403205657,0
0.6541088127718291,-0.4662698856876024,0
-1.2219425218573636,4.18177886890892,0
-0.06654862145058626,2.222100933390212,0
-0.6951735362334384,4.363536332795246,0
-1.2079259076865487,5.211416259358481,0
-1.2266123913955793,2.7266049201994176,0
-0.9532729965661018,1.7932279331563032,0
-1.2491933470084469,5.756688636379629,0
-1.1993323983066289,5.051903901069088,0
-1.2178344312401532,3.275262524607876,0
0.6641061682030741,-0.3639071234751586,0
-0.9626785122691697,4.883784784568201,0
-0.6177481497020633,4.231629598537795,0
0.809161612071373,-0.7484769988675007,0
-0.09829916346994527,2.610619305004418,0
-1.0830229819628396,5.244313669406357,0
-0.14861198271615594,2.6468667937327655,0
0.5109629643273914,-0.0012069333983513494,0
-0.8746550790033117,3.947874958895241,0
-0.17499111757057,2.5665356544920046,0
-0.975411628995185,1.898583131192094,0
-1.1558358435857359,2.909849739088282,0
-1.2158734266641364,4.475680255200783,0
-0.6819550807708676,4.346057677989235,0
-1.3182526399147196,4.7305714353691615,0
-0.7191417533359438,4.254323647956287,0
-0.9099605477080221,3.776676858734588,0
-1.2397533653975585,5.006384657451422,0
0.054201256548869425,2.125551952616129,0
0.6517376321932038,0.028041723492071794,0
0.628209814625706,-0.3557389497290074,0
0.31457557355856036,0.9134040891208934,0
-1.00221063098699,4.157503893385105,0
-1.2685790403961077,3.620484135145612,0
0.37097430668036,0.6898741007716661,0
-0.7681935760061191,4.655861373513897,0
-1.2931432188826046,4.847418831608622,0
-0.6900162759586791,4.5490756564263295,0
0.5283895570908757,-0.049582109099410486,0
0.5674801295505851,-0.11357103683894712,0
-0.8483867686584475,4.180870815461916,0
0.4966340457120738,0.6226992192864341,0
-1.3242492907332615,4.687703682901293,0
-0.4786846803193712,3.7415085178773224,0
-1.44028741949906,4.813678468918581,0
-1.1894825037288101,5.015022296690278,0
0.8992822081680159,-1.396657383291678,0
-1.4235722057477105,4.275248914791272,0
-0.3081097942221075,2.756974293409298,0
0.36720243909270056,0.7423418484702272,0
0.6348479894880963,-0.07748673895584517,0
-0.6044427161726436,4.248285592449853,0
-0.33366579986258393,3.2087129472481526,0
-0.08472590682537562,2.583963620192254,0
-1.2229252334706067,3.776736945940059,0
-1.1050325739477014,5.4315002012338045,0
-0.09384099191791473,2.499905706969726,0
-1.4393120740831773,5.405208226899443,0
-1.1110441676999137,4.78493104840466,0
-1.1332656883358665,4.470296149166296,0
0.5491969003760535,0.17605600276030195,0
0.2216186164591692,1.0469212931424572,0
-1.5412868444226873,5.534712778055411,0
-0.2669208936828745,2.995822793598498,0
-0.19962530075372964,2.5754469591623654,0
-0.94167554174582,2.4744548825676747,0
0.5344242461135267,0.20268107794376686,0
0.7812421739910581,-0.8731766448146573,0
0.33786526780190557,1.3142704405188255,0
0.048921901873613005,2.1916250560884643,0
0.7674553735290667,-0.3814958525024286,0
-1.2433562832580949,5.227480133947519,0
0.8379218392345871,-0.6542748131763084,0
-0.015356899022925252,2.7748745245368887,0
0.4153690071343114,0.642410451558788,0
-1.2197979347475254,2.7144009096984107,0
-1.197552131243916,3.781057717311093,0
0.38750761155006996,0.7380904939953423,0
0.3550346745444209,0.7362574960222722,0
-0.8494249094809758,4.10513691840972,0
-0.9886954403114878,2.0521231173183825,0
0.27954457257745857,1.3248955123394874,0
-0.3395242987537883,3.357432187493961,0
-1.091943024630088,5.442910620970038,0
-1.0836421596675403,2.8289415577536117,0
0.4892868738818893,0.4819565793266419,0
-1.0581349561591304,3.172012496414039,0
0.520372951941396,-0.1301906012080136,0
-0.823206139292503,4.022780209329974,0
0.29577243535832287,1.1423777907596908,0
-0.9128305194300794,1.6112309811270626,0
-1.1527959551545566,3.590048204230914,0
-0.7768970225974496,1.5053858070016681,0
-0.7500485709558649,4.636136392723511,0
0.06261467815784016,2.1126644844903972,0
-0.1551994206830064,2.8860071802796083,0
0.38841788488660695,0.7645113445941732,0
-1.3784270849705615,5.2862441238093325,0
0.08373670421013735,2.2560696228751556,0
0.7620844587443751,-0.8173706140552648,0
0.7340536587184264,-0.5050288359935852,0
-0.6153861649476735,3.9773959804016106,0
-1.309907743188539,4.343707501829846,0
0.7591337498653277,-0.9763306583858408,0
0.42122957951622353,0.8566944402777982,0
-1.1785710734864527,4.805882250494365,0
-1.1878077821079995,3.6079484031094786,0
-0.6312766976591858,3.734628924497345,0
0.555012246125791,0.03074676912373678,0
-1.3303972482280784,5.280865392843596,0
-1.054400915298809,2.680931402962225,0
0.5449627919577485,0.0534106051478456,0
-1.1765168753054225,2.9762770568243613,0
0.076263158239541,1.8185929512121417,0
0.3490100224243422,0.6709476335639815,0
-0.6583399037976008,4.587866124157859,0
0.8646083538573704,-1.1703369290881627,0
-1.0134976982743902,5.45917964883597,0
-1.210343228980512,4.3097114782561965,0
-0.14139948781456035,2.601459040417657,0
-0.9489639952393442,2.2404037109745714,0
-0.6692974718749296,4.192610899531091,0
-0.9526426854603807,1.7056760650092213,0
-0.9795882057096921,2.0323740178015512,0
-0.5814497495997918,3.629048361185295,0
-0.6323902209205409,0.361826033184134,0
-1.243932366122091,5.683230021581234,0
-1.2058433367958281,3.6804015071133698,0
-1.1748802930990423,2.51682901263754,0
-1.3447842556445588,4.990547420076179,0
-0.975782539696136,4.302511600397801,0
-1.1432259054436644,4.027657055476049,0
-0.7001403868082294,4.664243662391854,0
-1.3519693740612801,4.746036719018327,0
-0.7780587003456986,5.0636526629326974,0
-1.0403927262148247,1.6456708152211665,0
-1.2117129861100304,3.7885149846250132,0
-1.15697836684477,3.6051621868274992,0
-1.1823995010621702,2.225381745147663,0
-0.8240904767173474,1.8415740444766833,0
0.6646033612923391,-0.4170520291367095,0
-1.0791095388756542,3.1589822600198048,0
-0.9366651035242533,3.6917304297284055,0
0.43030683428979455,0.452584224196543,0
0.37451810682204945,0.8929733606573553,0
-0.8249795503761027,1.7630001142115443,0
-1.3767952141160955,3.9711403367700377,0
-1.019635615817585,4.863726338197158,0
-0.5361076480472582,4.080463462847678,0
-0.7079057232178635,4.110267276657011,0
-1.2259892220826705,2.8082776661978874,0
-1.3622470518854772,3.5377981993218346,0
-1.078606350997719,5.158957151419864,0
-1.249270347797073,4.805841039581754,0
0.10675943435494217,1.8258290833316864,0
0.6535812189862815,-0.45857238862417354,0
-1.3563135689263977,4.4624389826458275,0
0.5354334409352134,-0.07339505528697753,0
-1.1425185617002829,2.9731776236212726,0
-0.7775352405663276,4.0753714669517755,0
-0.48525434267790174,3.9180862982818323,0
0.7040868479148767,-0.25825347512422864,0
-0.8537851528465299,1.637464477454258,0
0.13265046837892014,1.4935990862444632,0
-1.0817150639665343,2.609335758199628,0
-0.986542353439308,5.157275515409321,0
-0.834513718701567,1.4430328140943027,0
-1.2397926450244305,5.481870558718181,0
-1.2620687196960694,3.7847806381405413,0
-1.302053046196648,4.860158190101299,0
-0.2554184199022611,3.1821758045358677,0
-1.2486071769019356,4.21740413615677,0
-0.938737301152941,1.259863790935267,0
0.5568007456544728,-0.3355857320877379,0
-1.3238751812672223,5.174293563932906,0
-0.9844052725716421,1.9451163841006607,0
-1.0614284252693045,2.089774616052621,0
-1.1818509207200063,2.8501831302406067,0
-1.0238684031620817,2.184073335532871,0
-1.4740409738200473,5.1951687348179885,0
-1.256153611284434,4.31375921401791,0
-0.8488266842501475,4.570817234730362,0
-0.3456664456251657,3.3445084643918452,0
0.5604767679117135,0.1352019152199025,0
-0.7374209075152847,4.221556760322052,0
-0.5583903427628573,3.881379094385549,0
0.1683274245778743,1.3859378244133438,0
-1.158086567178351,4.4225713359768495,0
0.6868758760391567,-0.3772167909380799,0
-1.2417328051059109,3.3952426961290176,0
-0.2205968258367792,2.88319650052063,0
0.6475537988884407,-0.33310961469600986,0
-1.2145561242241856,4.046572916150591,0
-0.6675877042383926,0.3810737428389674,0
-1.3985261318975921,4.4947730702606705,0
0.01651560723858192,2.020398186714576,0
-0.9455992340310794,1.4291603702465414,0
-0.8998146170581056,4.5976803903165475,0
-1.1843862842460091,4.083080446091758,0
-1.3262064068013444,4.177308001597162,0
-1.4222447696810243,4.623139014234805,0
-0.6985558125783959,4.460367946438901,0
-0.978294501717088,2.564722756213072,0
-1.1591781480956778,4.898200706732619,0
0.3518563869994542,0.6956089613612648,0
-0.7394684178286592,4.103554630373965,0
-0.8447652023230788,1.6843959818824643,0
-1.07111767972295,4.534582386443447,0
0.40129015381478855,0.6542934681905468,0
-0.9542961705660268,2.422924342753395,0
-1.3094161852198194,4.047859328207836,0
-0.953437302782271,4.461541963336139,0
0.6251364360635037,-0.07160890928266696,0
-0.7801069499274162,4.692370879560246,0
-0.4044197938066823,3.3270602320290346,0
-1.3799483282480862,4.587055161487969,0
-1.3354049034962396,4.797719294288599,0
-1.323183120599202,3.189661979165294,0
0.14910650984394724,1.8172310447435962,0
-1.0816764999249604,2.699357813162038,0
-0.30200832080438844,3.299893002372882,0
-0.43309689832404763,3.8791091744078687,0
-0.8100102156533444,4.22368825101737,0
-1.141697005060363,3.523507538923978,0
-1.101447089599537,3.492636720609877,0
-0.9183208558680332,4.117683579000266,0
0.7415830692086538,-0.8009880938202855,0
-0.520431161298997,4.009344517525259,0
-0.5261924422727136,3.908306841843912,0
-0.5726478413983342,3.7106257831759404,0
-0.8806365813983308,4.364213911413143,0
-0.10250851429388275,2.803720313124461,0
-0.8515073389028522,1.1857505684869696,0
0.5953977218325158,0.4817805321415958,0
-1.363529281376589,4.726827301846273,0
-0.7772409080016294,1.4632208750314755,0
0.3248295755674866,0.8455771192127243,0
-1.0948149915176368,3.1735630439306672,0
-1.22354927506011,5.548708996666002,0
-0.9153361240323461,3.592867107520781,0
-1.2009371836320764,5.315069383186272,0
-1.2994155567772028,5.122408720866853,0
-1.2990204887286685,3.6830455824197315,0
-1.0764884527289693,5.060651935981703,0
-1.4078453797073796,5.211890818314118,0
-1.192695319710761,3.454124718054013,0
0.28252290068401686,1.160458057007049,0
-1.3089732332946655,4.187120577572334,0
-1.2189149331184121,3.2097846146367535,0
0.3425707206108528,0.7772604462434943,0
-1.2116665489688812,4.928018797010349,0
-1.0494309570683495,3.536473719969837,0
-0.7582145050688663,4.542627068878839,0
-0.15068877315586637,2.7598065266614134,0
-1.19149474388322,4.378753752412156,0
-1.0439661731973073,2.2865150132603094,0
-1.3667910686175826,3.69039333500272,0
-1.0210980463208448,2.5708870217874376,0
0.42208089421329076,0.9833476653123947,0
-0.8075645948150328,1.1679258954469758,0
-1.2203369926171646,2.9378435578668247,0
-1.1865792047789856,3.9584122070287475,0
0.6794331321520933,-0.6915623651589854,0
-0.39485484858962017,3.4803491490755127,0
-0.8898509286946503,4.646590185960594,0
-1.0655933848995556,2.815447897175926,0
-0.22813212496174107,3.105495103575263,0
-0.6200713487659779,4.2361150473634455,0
0.23093199927563557,1.3931938061800275,0
-1.176198955953188,4.948925471849126,0
0.5914071761338456,-0.4598524577121816,0
-1.3090460043602032,4.4095110528400525,0
-1.3512838240766207,3.9408556149702303,0
-0.7539516476049943,4.344874626762565,0
-0.7152544869197044,0.5352976227389549,0
-1.1894899136409092,4.262097098344272,0
-0.7367036187304843,4.246308868973449,0
-0.972408420397026,4.836888499683536,0
-0.2827191472848909,2.9637663678590918,0
0.4885251054095693,0.2398773500881491,0
-1.4993434005083333,5.431178551944262,0
0.6656416960837621,-0.4412947267978836,0
-1.1049589727126143,2.8988951412007067,0
-1.238971297410055,3.4965957246398562,0
-0.8428719955318583,5.036070468090992,0
-1.0219859869060541,2.2610166269404335,0
-0.9456180469621375,3.7734571515766593,0
-1.2278669815548073,3.941386059472141,0
-0.021467542446027887,2.4222067635263698,0
-1.296732581575121,4.012738452348037,0
-1.087047661089631,5.188680019491288,0
0.24327327389539916,1.2612503476066341,0
-0.7634030578317454,1.1247194476261808,0
-1.2676811325225144,3.1008303735082405,0
-1.2939052732751652,5.068961973506373,0
-1.3067215349397336,4.705290955758033,0
-1.0764803211635177,4.630378178690929,0
0.6711737212335397,-0.521658730737341,0
0.6077229701768605,0.36656385390042645,0
-1.1454388355930782,2.052706294091128,0
-0.6139380460152827,0.4236038566345133,0
0.2273316257826402,1.3259614600333536,0
-0.7503432070212604,0.7937274986697167,0
-1.1740916453572694,4.62936394153453,0
0.38867612354424497,0.7579717751230812,0
-0.39602914277132406,3.5737626706474837,0
-0.7944259492555379,4.371790486942281,0
-0.934955309130095,4.8623151825198025,0
-1.037520212577082,5.01630223651088,0
0.2234543933376864,0.984348017623703,0
0.5121343896338737,-0.1449382643476312,0
-1.0607044560447596,4.8175740010089125,0
-1.1348490804079436,4.149102288362276,0
-0.8292001182444888,1.3783018404938823,0
-0.05066799341550132,2.113438057871133,0
-1.4199536544803613,4.211339942224743,0
-0.04274121375570161,1.977570149982146,0
0.5640394816862733,-0.4510680456325022,0
-0.8663673841142135,4.6938203602266295,0
-0.14077642725024042,2.5893214839932717,0
0.6233182540794411,-0.3010985264060817,0
-1.2127331382244175,4.243108435411728,0
-0.6695442958995313,3.828469024180834,0
-1.1733163506020108,3.932404941985723,0
-1.1899145961388282,4.1339938109460865,0
-1.0288520745295544,2.983249678183264,0
0.0809607003868511,1.9302789619664202,0
-0.7513745566764155,1.2751634903046152,0
-1.1684540089860893,3.4163619067170012,0
-1.2993681697680493,3.1316829449264034,0
-1.1714209871833514,2.3000440965106415,0
0.3064337728458215,1.3180968779427198,0
-0.8690222042317085,4.073020906339022,0
0.4008751294841385,0.8829126003778127,0
-1.071118680785337,4.465628179750721,0
0.5777223366686115,-0.12170170378108353,0
0.17815136055809233,1.4796667455648078,0
-0.8000151080215306,4.193960821184035,0
0.045405947134181446,2.3237003732435344,0
0.7014520359175187,-0.7172535068581772,0
-0.91060999959345,4.939804157337517,0
-0.07520241805536876,2.440638530018134,0
-1.0523065079743392,2.1029637974803683,0
-1.1783920079926091,3.1512280091204783,0
-1.1991972681510457,4.647957806975185,0
-0.5550404491877032,4.144008995518678,0
-0.025205271517350136,1.7497393329190771,0
0.4764046187248887,0.6321029998212833,0
-0.9213195677385543,5.024166516160932,0
-1.2048166259810618,4.312969531066435,0
-1.0333761978610663,4.00523194230875,0
-1.1154011736355662,2.427344834664288,0
-0.849291004242389,4.512539163659576,0
0.2501081226313887,1.5020995759856701,0
-0.8231089178148632,4.944652278851776,0
-0.9228842872608553,1.477663850509763,0
-1.188935108572671,4.701382853862026,0
-1.0921210066326594,5.12681949067831,0
0.06603541976661187,2.2903378648700543,0
-1.2401916062841072,5.033107621926677,0
0.18324300050027953,1.769861672720769,0
-1.2228178417414441,4.218097137994056,0
-0.9678437746477826,1.6792266025063567,0
-0.14625877432873247,2.6182232394475036,0
-1.2270629953709031,2.996753877075574,0
-0.1009728617658282,2.2902691353981264,0
-0.22124636719979918,2.8988072844666344,0
-0.57779756353731,3.759937860516514,0
0.3662435752956065,0.7081970647948737,0
-0.1215219214867106,2.640640822735417,0
-1.1305710864627923,2.683848293070169,0
-0.2943890933034079,2.9950536517890822,0
-0.79698171261096,4.6960085886255225,0
-1.1786291666104907,3.4427480735197915,0
0.03297711634175715,2.019318969064288,0
-1.3280511623960585,5.19991195100722,0
0.9247652194607634,-1.4566509244649213,0
0.5290718635354471,0.3369726381145199,0
-1.2313218981042615,4.311979910619119,0
-1.2190130726776403,2.7481412096548374,0
-0.9453328034252036,4.904430662053088,0
-1.5403613422740599,5.662743610748123,0
-0.4156134831126239,3.8269580839223027,0
-1.1818771510073982,4.263889166227788,0
-1.296920576114843,4.484305813281868,0
-0.9929485061882418,1.8750511744633194,0
-1.2332905949217081,5.2757105919815945,0
-1.300222044627845,4.7814795762876,0
-1.0754757610210528,3.035518613033995,0
-1.1286957135978395,3.5902174232231445,0
-1.2362962566166278,5.613268498775524,0
-1.3816730845443392,4.702098689591945,0
-1.2698957935226027,4.951028315439841,0
-0.9586946184170065,4.45302750360107,0
-1.0916292283711873,4.7184659996243505,0
-1.3453884819712412,4.214438726390986,0
-0.7977452464972814,4.20122402239717,0
0.5140215039748259,0.4915473165394442,0
-0.9511887042888542,4.420119316465281,0
-1.244370044912705,3.7849933179587647,0
-1.209905070557542,2.8133633181126396,0
-1.1738861698905674,3.1017663915371574,0
0.029980430189939344,2.309940986829781,0
-0.6190196055829313,4.077170752387797,0
-1.0794069400195654,3.3107181107259334,0
-1.049409878254867,2.6989646548578117,0
-0.802993050800604,4.581257946735833,0
-1.266507430361489,4.084443519284026,0
-1.2154294349477253,4.610998169903361,0
-1.1495323129530974,4.593650718233583,0
-1.0064574258525505,1.6746625391437298,0
-1.3523754932380414,4.724680120302703,0
-1.3411913872399999,4.663712733614546,0
0.2796285541477685,0.9763127219834877,0
-1.2378152258106998,3.766329142061273,0
-0.6055270633559621,3.7689781317794133,0
-1.0855007120965188,4.941489899499274,0
-1.0713307199383826,2.219049401868102,0
-1.5018891292961412,4.596841994510413,0
-0.06680037892797186,2.428219787453363,0
0.15249790023254312,1.4988852999428763,0
0.5637120114048477,-0.17067439980869137,0
-0.05946534168596995,2.706743412613607,0
-0.8934920755623481,4.688704729697907,0
-0.41531366236630823,3.73932158956102,0
-0.5344873027759907,2.974420471595788,0
-0.7120586905224129,3.8880572628172017,0
-0.9364536175713885,4.462938022659621,0
-1.137860757234857,4.148500863537404,0
-1.0031595339282255,4.776199701159263,0
0.72251434243427,-0.7600147793385916,0
0.9113406007508542,-1.1318321259528983,0
-0.9314923080610944,4.625425930261151,0
-0.44003095004642956,3.5377662863853536,0
0.1890185449437738,1.6338743024136289,0
-1.2597683907923485,3.9088162618564284,0
-0.07203534560975255,2.3152200395148523,0
-1.272459466279448,3.8362104205631704,0
-0.9352333306438994,2.114529854072873,0
-0.29285712291266547,3.0413959749860098,0
-1.4426737170247148,4.573663233879307,0
-0.14706274086881377,2.7926290265815474,0
-1.343522982972463,6.099598275204125,0
-1.356488254479527,4.469027514850269,0
-0.19355747508987575,2.8492030680062945,0
-0.76796776303338,0.7113440400605949,0
0.13469493173264013,1.4496447922635913,0
0.37708467805506457,0.6521494978628832,0
-1.2152441030918553,3.998585105154894,0
-0.5984090546008796,4.611900092054913,0
-1.4025538801598376,4.690050334038985,0
-1.2582099274085512,5.2164735998755605,0
0.03179614865750202,2.307921950155861,0
0.7591403328931575,-0.9313847437704411,0
-1.3020475587353797,3.794003950922807,0
-1.062287525285443,5.206118452234955,0
0.3622910870398408,0.6242799003348823,0
-1.095672388390673,2.9477978952103387,0
-1.038083039582378,4.883187622199566,0
-1.1704939184929297,3.575615987432999,0
-0.16608843653651528,2.7325124888936627,0
0.6695423498111445,-0.7426956442036928,0
-0.09094597083505973,2.304832718208655,0
-1.1885993606474832,5.2583667868643715,0
-0.7520299177380059,4.463085476548388,0
0.4134324663008191,0.7563480432995277,0
-1.1139543532414131,3.0214469796336885,0
0.8150087275022766,-1.0541327545642194,0
-1.2155580143380482,5.068545483070632,0
-1.0299270303223993,2.5836901617373007,0
-1.1777456568515299,5.063545469472145,0
-1.4627231323721885,5.182482700625235,0
-1.0935595003855694,2.3501958693682212,0
0.23323735777292554,1.6675924760960872,0
-0.8535041177171162,0.846846113574897,0
-1.1804934494911732,4.390712170189174,0
-0.9882034351107933,4.7310613072483,0
-0.9573229089155594,4.759871778645535,0
-1.3914268128301734,3.524988124385849,0
-1.3396223386082666,4.403659499335857,0
-0.19811688600666022,2.758191134833716,0
0.47788648109745957,0.741994822373242,0
-0.8788455431848046,4.45884146567375,0
-0.05983912964469251,2.3311101218025247,0
-0.8951800883065,1.781777221670986,0
-0.5994867258579443,4.332111015833045,0
-1.2041434128787991,3.454711192556521,0
-0.530688598721139,3.9333830355097392,0
-1.1926812225221082,3.5794676152914384,0
0.29801931855844604,0.8823906620426611,0
-1.3521281401513614,3.526141680415468,0
0.7435326372267839,-0.21401913416222337,0
-0.24559676325670243,2.7637476980217652,0
-0.9511961449320144,5.099547401739249,0
0.20762686281445464,1.0511035147772825,0
-1.2772171440401605,3.4709989460941877,0
1.2284536601573621,-0.8512973946780258,1
0.7145676747517917,-2.0232502832102885,1
0.7261257683012599,-2.108126011784682,1
0.4523059758910595,-1.6292580716244438,1
1.5858421556243698,-2.98137194812809,1
0.7158407749465758,-1.9841964141573265,1
0.6076991577686199,-1.8749746225251172,1
-0.08493395572301324,0.5806482417678553,1
1.7324317370754332,-3.619970008422035,1
1.6546636036010052,-2.2457489848128405,1
1.3234829806654307,-2.2853657153961757,1
1.1182958492146589,0.25347743385801386,1
-0.1948064067035083,1.2783636071372415,1
1.291983532864462,-0.5616563716220312,1
0.06810476847331356,0.16840180056352633,1
-0.34182414544644396,1.6608170081929567,1
1.4890372167502357,-3.1789792420471623,1
0.4395889187766414,-1.0931436478937593,1
-0.25777855513748993,1.2797308268102758,1
1.51632880306827,-1.2180267831517273,1
1.4782692813968392,-3.1823034925627125,1
1.3478804020949235,-2.3890896368150436,1
1.4307535345293783,-3.344729284706313,1
1.1964745919948232,-3.1278462651220327,1
1.4504299282557553,-2.647450573431242,1
0.44965619995921535,-1.6432750693601827,1
1.4537509014643741,-2.4415374674543666,1
0.39961006995235826,-1.2047290757227502,1
1.173802633613236,-3.3096781507391837,1
1.6680067995042533,-4.077593596978887,1
-0.27271623607479856,1.2487591921683847,1
0.9656713598964163,0.590345313095974,1
1.4135176525609001,-1.428778529648107,1
1.383625282232542,-3.6542281671862242,1
1.2676378529896424,-3.3423948631557567,1
1.1828903880110786,-3.451055044014337,1
0.958074875844221,-3.0286037535815495,1
-0.4664569268962977,2.0758164002930846,1
1.2471309413497584,-2.308001683499602,1
1.509683287724469,-2.0620719415536617,1
1.3495431572000567,-3.9434310985720633,1
1.1586927975122199,-2.253636705216331,1
1.3490528314696462,-2.2549194525713583,1
1.4222774208637032,-3.737962464443439,1
1.4189475173081858,-1.5180644196957531,1
1.622703841000234,-3.86277570256604,1
1.505376227552884,-3.874172444305381,1
1.7535045215284122,-3.6341102899599753,1
1.6212436502505572,-1.9370136973470768,1
1.5839899750533177,-1.8263994533972217,1
0.41127831741966,-1.0866998846155735,1
1.4414263445629674,-3.9035123465773856,1
1.4489146139314328,-1.2913790197634631,1
0.8456081178446224,-2.6540023263724053,1
1.1947827896772982,-3.9196088803972757,1
-0.5829959603698778,2.9323103809003537,1
1.460894047450567,-1.9311253410295264,1
-0.15090377022489698,0.9479607461130108,1
1.6388084149089117,-3.9488758248801727,1
1.5066453985809063,-1.9585547195694308,1
-0.3425081286881585,1.9706135399593725,1
-0.20874207115770993,1.154120296240269,1
1.3512085254158996,-3.5344776600856833,1
0.15894160895485354,-0.2757184941868149,1
1.3224282106144558,-1.0907571405943342,1
1.2671970144343947,-0.9661425033277579,1
0.3151527832054556,-1.0167544152924664,1
1.1161518743769985,0.20603811359754573,1
1.3691610620821455,-0.9695523100764133,1
1.495078987066473,-2.5451469361435812,1
1.6262659870719312,-4.3002673625333845,1
0.3923856041085628,-1.340545276070507,1
1.6526144054576917,-4.0048612455977795,1
1.6572795953366457,-4.6890754276051405,1
0.41922639338411316,-1.1255609369560777,1
1.6699243321049104,-3.530743048146375,1
0.20468497437896888,-0.9386693946790412,1
1.6729881240063147,-3.524018819039205,1
1.575486264625047,-3.2971963710271615,1
0.24464989158088277,-0.23311734168486573,1
1.1714434177777715,-0.06911877078022399,1
1.194041085331531,-3.5903753347549507,1
1.7411174135806637,-3.3068433826784154,1
0.27294414586467386,-0.8239795210564852,1
1.7182832677985327,-3.007789832987746,1
-0.3391128245908679,1.4237768256063952,1
1.294636606553019,-0.19069893908560873,1
1.3045526970986234,-0.8086773742804765,1
0.7097851329929667,-2.0398095961980065,1
0.7465091665464496,-1.9165647331192428,1
1.669363118266375,-4.1592930612119945,1
0.828605752794602,-2.375438552561825,1
1.4558420578206646,-1.6685104512031494,1
0.360477068112838,-0.9529360359152906,1
1.093768681303854,0.5682098162227981,1
1.497157544911586,-2.7925792388098873,1
0.34534671228540115,-1.1142087085565286,1
0.4391396501820828,-1.312606286864148,1
0.8050171288424293,-1.945378336875913,1
-0.09669079976059922,0.9838271054320675,1
1.3106119140708428,-3.157864596457955,1
1.5200152281618053,-1.365323628614525,1
1.1999113479351045,-3.416920214513559,1
0.868592174131622,-2.5285891068442004,1
-0.10940525024122338,1.0711571746979913,1
1.626192666492951,-3.25741186316177,1
1.5619828902727528,-1.6992654731317376,1
0.01340064570599997,0.48603030650096274,1
0.45410198418812464,-1.4259773048210753,1
0.10832607498040657,-0.4750975216760924,1
1.5246984396113041,-2.1341678595435964,1
1.3443273340974211,-0.4020764742998348,1
1.6356745478284576,-3.749362493503568,1
1.2724229354982612,0.05549879329642087,1
1.7590898008882783,-4.0745866648384155,1
1.3342933616408217,-3.4951559105175556,1
1.6719635560991526,-3.102558161827564,1
-0.21867919188717017,0.7276348722559196,1
1.0077084103940892,-2.8117498221596455,1
1.3341983558234953,-2.9769977825711553,1
0.9300390539098109,-2.6135432351757353,1
1.35159474499274,-0.8675332442293903,1
0.7656869532720549,-2.2200598664067295,1
-0.5335927553993796,2.5804952732066493,1
0.037518744843279675,0.1847568057903326,1
1.1214734259562746,-3.087260729220785,1
-0.48986165197429676,1.9712643651270707,1
1.2870532561347208,-0.9312030554154046,1
0.4672697325536969,-1.1907151984056044,1
1.267958226755575,-0.7492911502730603,1
1.3317094948618324,-3.0940837914399966,1
-0.48016741425196596,1.64900978603848,1
1.2807561813338215,-2.577185891050765,1
-0.26630013367014715,1.1804967838369087,1
0.7272586625240358,-1.7898704231500768,1
1.2503679096060025,-0.24529046186678546,1
1.6080376071132,-3.5440513513304897,1
0.8683998240873936,1.4442064044073581,1
1.3097629379975582,-0.541219340425306,1
1.4186138231617416,-3.784190254519436,1
1.132641209200359,0.04968639727044392,1
1.12764685297154,-2.860951180635321,1
0.7856163308153141,-2.147731100860313,1
0.6574176383122902,-2.070584064284445,1
1.441235871428183,-2.325391756498593,1
0.42443472289345396,-1.0997869398621811,1
1.3249689239489506,-2.359560200813442,1
1.1259206942849938,-2.9893990951924625,1
1.5660953615152002,-3.6381375713231834,1
1.6976464991250704,-3.126285906068644,1
1.3860391421810891,-1.9628081562040882,1
1.3485306484669417,-0.9569974482503106,1
1.112453056453794,-3.365471667261545,1
1.2689910832019344,-0.15488577392741484,1
0.25612362254628274,-0.5358475288374289,1
0.7477932623298529,-2.1616206301521803,1
-0.24246961324707983,1.1474007167111082,1
1.567538858130365,-3.59472806949629,1
0.4525512824217757,-1.3004820871806462,1
-0.3949361845676301,2.0300974134123155,1
1.437084776395015,-3.462932279676812,1
1.4252303498713856,-3.3031976044010976,1
1.4625902388219885,-1.64720484542149,1
1.513586019570802,-3.6582212885368945,1
1.6624838120133585,-3.605809507599522,1
1.4118313456127518,-0.9739320142413315,1
1.5202022698305762,-3.213144158046069,1
1.3618784224217202,-3.5953494525121124,1
1.6000641593292557,-3.2167658758907502,1
-0.20119006077266866,1.1724823295212208,1
1.4725126580323278,-2.4534737007442993,1
1.1148709918317206,-2.8937180536572233,1
1.0771035820172254,-0.386254659256522,1
1.3928371710302194,-3.0019507379461268,1
1.3484345828795181,-0.3895418311972418,1
1.4920971642718044,-4.206884205856446,1
0.8789993824070242,-2.1384569164459117,1
1.4433902885502174,-3.2979660185981947,1
1.5752714891753918,-2.5732203106035456,1
1.4703737496884846,-2.636023093757673,1
0.7332206187808221,-2.165711953268827,1
0.33346905912171015,-1.1100239783635493,1
1.6645671127435537,-3.0776179786909474,1
0.3199881789811727,-1.2145227793303355,1
1.3702514903802367,-3.274052874650152,1
1.3148631503578323,-1.603009282676586,1
1.6165882466520247,-2.532401755915151,1
1.5550688691934231,-3.886072095234191,1
1.3385911013888845,-3.6329925443308917,1
1.5513179984779046,-2.5932480645173075,1
1.3874487326288296,-1.1492424411157922,1
1.1030263276872714,-2.9349308125872775,1
0.9648514591339947,-2.452830464282156,1
1.6180137353213881,-3.174354843341632,1
1.075756917805471,-2.946690237580273,1
1.2837878768374413,-3.9657432147317615,1
1.4875737525728032,-3.9829751091404635,1
1.7393827759488467,-2.945576338953284,1
1.5956114758998483,-3.1859282203791905,1
0.5744892023302948,-1.6162274289704786,1
1.484863243931739,-2.383066841426721,1
-0.23150986545641078,1.0524489805672539,1
1.0490527277336363,0.1664364173893422,1
-0.46845862012793793,1.9048403548491597,1
0.37220710057401735,-1.0228963355539835,1
1.6097594894057665,-2.650701525285472,1
0.8479785240827767,-2.118316178294282,1
1.4928070736890833,-2.1185471836121934,1
0.7773598593586246,-1.613675678590053,1
0.8848376761417405,-2.8690475325295846,1
1.5332046786625257,-2.441312420980834,1
0.7277227060328796,-2.2651562939033307,1
-0.3428689637448745,1.2549228367966938,1
-0.590734420935811,2.5313717309443637,1
0.9975219418678893,-2.8328590714876287,1
1.3217127011514398,-2.672023828365739,1
0.4646605254847031,-1.4569086338494115,1
1.5865719858667864,-1.2092877242802271,1
1.1437040884019911,0.25485697815615477,1
0.04829183700341065,0.31775277840977123,1
1.4149581992076437,-3.672588202745077,1
0.8503064977335626,-2.3171235022164494,1
1.098342885725836,-2.6592614687185923,1
1.0760648954160366,-2.939030520959863,1
0.5098817759636345,-1.40505367370834,1
0.7256701712807287,-1.9290760414012067,1
0.3589242291864897,-0.8778567020471891,1
1.4689519457886233,-1.610320810880226,1
1.522506354098066,-3.0815883127577295,1
1.6217895603200043,-3.0915839502961076,1
1.2486677729980502,-3.0063248645999114,1
-0.43417868703255763,2.4240820165325485,1
0.5625193675213672,-1.9413999931361918,1
1.6572027401260343,-3.382371934648826,1
0.9644363781440954,-2.9010304837313776,1
1.518023573709284,-1.4914338378508556,1
1.2416388412915413,-3.4653009383332347,1
0.7628484778274431,-1.5212244181869041,1
0.7493380281105135,-2.261506066940077,1
1.4434290223607404,-3.507544290774346,1
1.5747506803662468,-1.8610849097764244,1
0.852653097778229,-2.4167158330450875,1
1.5593042852765442,-3.5331172136027496,1
1.3953205071778207,-2.614267144209372,1
0.9551565349431752,-2.6867123970696265,1
1.4909206982844494,-3.549927085609278,1
1.2022414035140458,0.03371560131814927,1
1.2856555195735486,-3.535880550352189,1
1.3848560106777288,-1.4261069158632789,1
0.1593714916973703,-0.5693578708185085,1
1.3452220198181006,-3.8276491765062812,1
1.5088305615550786,-1.477098411938771,1
1.716349148900861,-3.905613730471195,1
1.229821481728084,-2.8698234843304937,1
-0.6481342899713941,2.789469758801786,1
1.4394369230450352,-2.3567456473975947,1
1.5405383146045004,-3.265972264095559,1
0.39350885718129813,-1.0427359532346443,1
-0.532426150970094,2.2581821721339823,1
1.2994032884719942,-0.43469397449913955,1
1.0145180003242515,0.8336254737175656,1
1.5025645338900273,-4.082309812262164,1
1.0003727012514103,0.8080275358279906,1
0.42158179151307973,-1.4775434160262415,1
-0.4961795457368877,2.374093177191756,1
-0.05406254365907802,0.5030333362082765,1
0.8939305952532695,-2.859373797908589,1
1.4465836027359613,-2.278518974782209,1
1.2732774676225982,-0.4032271615427457,1
1.7368429483410943,-2.6414110039843486,1
-0.2072536251611721,1.0324201985313064,1
0.2190834268039139,-0.7912110588568397,1
1.7415285569663608,-3.1225391431265273,1
1.514093031432376,-2.024341293074174,1
1.1911376489741952,-2.47994811031051,1
1.065091983578374,0.4405850809602413,1
-0.09660400607838347,0.7409816735354824,1
1.1836528746307364,-0.24104193970724672,1
-0.19158984090935322,1.143245555947861,1
0.656660883472187,-1.678100213683448,1
0.501123820963752,-1.5239054739471385,1
0.6092900485715078,-1.8519665010782138,1
1.3031826095227994,-3.5342814623299588,1
-0.2978864433736981,1.3705138700770527,1
0.42637522035946374,-1.395436258591877,1
1.5239789146382554,-1.6870104968959576,1
0.9469664022946033,0.9487351508257855,1
1.4118138726893363,-3.743228121472467,1
1.1871282998010138,-0.7931180813275378,1
1.0448037016136849,-2.7656286392080776,1
0.6535567609822427,-1.8558107881924433,1
1.5039435560269054,-3.0623079750448077,1
1.514540452970474,-2.1235358315476405,1
1.1015038180168855,0.3126328541725649,1
0.8321746817096248,-2.583920439440884,1
1.412336714985081,-2.0740968715801578,1
1.193557327155788,-3.144308876492018,1
1.2220185466537865,-0.08758107432920602,1
0.3247802165148375,-1.0099853528836717,1
0.8871076099348527,-2.9331976066910244,1
0.987301620119136,-3.016481481780787,1
0.09235823440011416,0.1022097806159287,1
1.069517152448584,-3.2945531400775034,1
1.4213221342638311,-3.197649864284092,1
-0.22106534563221603,1.3290999448836593,1
1.2837102577662858,-3.640585041826883,1
1.4245170014351731,-3.0434190569970117,1
1.373056726109415,-2.8602042149308358,1
-0.16587707452976583,1.003376828897421,1
0.5461100692045968,-1.611531660598394,1
1.6397057060730325,-3.338943749030182,1
0.21146739719850122,-0.2986043270007048,1
1.1329328391403874,0.43035678490453877,1
1.5694979121929817,-3.8832197842683485,1
1.1427497073087727,-3.4890811881861965,1
-0.5108958186509699,2.5785224542976346,1
0.6495633713759613,-1.7988277432777624,1
1.4426996822791263,-1.3698632000690039,1
-0.1992744380108174,0.6936727159710785,1
1.5019425652502092,-1.76850865589397,1
1.5341739827546719,-1.9626447162487226,1
0.6754742235522481,-2.0061137491671532,1
1.4812150256034795,-3.868747052745806,1
1.4047916180062043,-0.8891199209973615,1
1.5207196859294005,-1.5460861927458778,1
1.4715042560695997,-1.9455413586226065,1
-0.1318477041874685,0.5743359220261764,1
-0.27509612698240554,1.3448840257314976,1
1.6629515984267105,-4.169468752403857,1
0.09288827664430405,-0.13257821110244686,1
0.08807958358350146,-0.15283626924427085,1
-0.09718025152119486,0.7251119024022039,1
1.4349669340433955,-2.8988833492665966,1
0.3793137541939318,-1.1110442012736237,1
1.1373392794271016,-0.05344160605647692,1
-0.4968875731859207,1.8652916865116325,1
-0.2673150128526068,1.2712175825352054,1
1.6029731611337614,-3.5294526644201776,1
1.4965156477750985,-3.044035334799835,1
1.599579165036582,-4.131982927041162,1
1.4129960959664531,-4.005470046243921,1
0.9693228245803845,0.5896639454813944,1
0.9462129326751109,-2.6806032180542445,1
0.14937572616025496,-0.10357007998484526,1
1.59527374604308,-2.967882663727078,1
1.634521947893241,-3.260148559802119,1
1.4408868176207044,-2.9969345925993753,1
1.6234173825912894,-4.20223448412662,1
1.3911224440374341,-2.9974997455481667,1
0.8495567215850417,-2.436491539443599,1
1.4881386380625334,-3.151407517553407,1
-0.13385177561643863,0.729039314248805,1
0.22773881121446368,-0.24644816204737222,1
1.4709018147295219,-3.21119661847357,1
0.6563008401669005,-1.7928859763813718,1
1.3392551085103213,-1.1520729979245263,1
1.3277236819915101,-0.5368957266261479,1
1.574521119434034,-2.5017497276456897,1
1.1399671691104545,-2.6840119302978858,1
0.5481004426674114,-1.9244081914900515,1
1.460587777185629,-3.4180533454854087,1
0.7990288830181091,-2.64548684990498,1
1.4975445833361225,-3.9947165753336296,1
1.3928565105435253,-3.6049958469282313,1
0.6664369922175568,-1.9289218146105522,1
-0.10979674990505711,0.5828329728560684,1
1.3600229805538055,-3.3479054286721017,1
0.2662511694301212,-0.9924936958658587,1
0.5476239996787601,-1.0999321976502046,1
0.29874848210139926,-0.9317247252916873,1
0.2105586246607811,-0.7215176551907124,1
0.8671185876861196,-2.4621788057001246,1
0.3415615132097871,-0.8416995233706681,1
1.6840564639085032,-4.099549838456385,1
1.8857258990369772,-3.368039858394424,1
-0.4974236773617304,2.498298747189934,1
1.5608795737134895,-2.5023785644793133,1
0.8519064305833247,-2.487149100693865,1
1.4385845846074408,-3.3975547014763046,1
0.9516815216986213,-2.7241481667476846,1
1.5088917716774488,-1.3430586397048692,1
-0.40320561357672796,1.798119065073743,1
1.3271204765743,-0.35958699647063647,1
0.9246853987378312,-2.6509554832790605,1
0.5341238459688227,-1.7025697259588028,1
0.7215356094950723,-1.7653377178010965,1
-0.10727597741221859,0.7627626968360992,1
1.219990338008251,-3.2917716296311212,1
1.2632907429203422,-0.39597941131011444,1
0.7246678901531922,-1.8968214882108716,1
0.7938399444972717,-2.1063999870215215,1
0.20661231150053086,-0.7303265504624129,1
1.1851103355765358,-3.6477425236638785,1
1.3925198810201758,-1.347343380706235,1
-0.3136521540746492,1.7251018851797593,1
0.6431718868667531,-2.2337421601358876,1
0.2876956656519625,-0.787324835405733,1
-0.16228420783702271,1.0806714092975749,1
1.2280935211256034,-0.5015031152783023,1
1.6047496570765902,-3.6525737344831435,1
1.7643836698140052,-3.9688973029771186,1
1.2239285963030033,-3.390571967192975,1
1.0596385205647803,0.6797790327859669,1
1.0062110118052243,-3.055933975830915,1
1.4541854240646714,-1.6774177811693214,1
1.3802441500997489,-3.016024880879886,1
0.22369988251593,-0.05450255365570208,1
0.8969234840680366,-2.3279042858869006,1
1.525848988831052,-2.0652456636750345,1
1.3226581211740938,-1.4765662578820502,1
1.5183338191506048,-2.985445874872714,1
1.3002104526365934,-3.4879358213662424,1
0.7426530724002401,-1.795160264455666,1
0.12794611393924535,-0.07700061389822724,1
-0.3616129253178859,1.130337272988032,1
1.424020123898255,-0.9088525836877187,1
1.6839855945161972,-2.8716529925721086,1
0.6211388959595932,-1.8230811214641418,1
-0.35350767064065447,1.7344003797630096,1
1.1001160941859998,-3.1465155667112223,1
1.5208756982917069,-2.4838204972242215,1
1.546864498836451,-2.5136936817699556,1
-0.44036999488674367,1.9964845939676341,1
1.3960143113878614,-3.820679070074532,1
1.277371280174559,-0.9269554199766727,1
1.6268762759530935,-2.4423694804439684,1
1.1894867150286756,-3.338139391598306,1
1.4820179512700111,-1.6938368599434879,1
0.8073017357087129,-2.2155783775697637,1
1.0663368364011572,-2.4940807651412205,1
1.6861650418246903,-3.182128926848302,1
0.7019748026202335,-2.018984294202686,1
1.5058041114237495,-3.625180019291208,1
-0.2732119991542078,1.762703467575273,1
1.4945847451391363,-1.3725509161364875,1
0.9600367708006016,-3.0653726067353184,1
1.3767629170760114,-3.7884039036890784,1
1.104892645056609,-3.2606151782491755,1
0.9908502592291267,-2.9430432047692587,1
0.9243567438049689,-2.596456493321515,1
0.43408315736971514,-0.9813986368931117,1
1.2665756532196912,-0.7116669022855523,1
1.5249187948891032,-2.4385574462401043,1
1.3310045562499757,-0.6867907723582423,1
-0.5911691848801496,2.665276419811734,1
-0.10037854121546426,0.040694773789428124,1
-0.35491542540464155,1.6773218733916084,1
1.3895094702426969,-1.3891633241382413,1
1.03135776919364,-3.4044880019960058,1
1.3361321303861984,-3.3686599079345507,1
0.3123581120351101,-0.9260473379296634,1
1.4027680893167902,-3.274885161894865,1
1.1802409920297543,-0.5637173234346624,1
1.626682617690728,-3.8638257906978075,1
0.7073993274825512,-1.8815323452249326,1
1.1792525462221306,-0.07264639090140752,1
1.3201999433224507,-0.7341318756991452,1
1.1852101633920569,-3.1628861655629787,1
1.51362252603698,-3.1712412854253293,1
0.820529549071479,-2.393604924705639,1
1.308521166306952,-1.1841996636902334,1
0.925969395736733,-2.6714569894452507,1
0.21806989413403924,-0.6070197371773854,1
1.8732153596335643,-4.052322825141033,1
1.332574539071063,-3.9878770860327233,1
-0.21303622130043492,1.3356638067449003,1
-0.7348277107053964,3.258031784989273,1
1.5533868640604962,-1.793871145136452,1
1.4345232616781298,-0.9115850023372574,1
1.4602785304641743,-1.8696030619682902,1
1.4227851261045634,-0.8705458549304863,1
0.029298881694508006,0.1760863300637632,1
0.284292069293994,-1.0931571185028046,1
1.6389832300594531,-3.174266333712637,1
1.0439951511195025,-3.0347340141247847,1
1.602085127921074,-2.7993151688350864,1
1.270180626976299,-0.9613616338546768,1
-0.23357140140354452,1.6038922656263832,1
0.8031811424321211,-2.4431935554300455,1
1.5547309511254677,-4.1180281299516395,1
1.6689394333605627,-2.566867119558909,1
1.3355804031329732,-1.2571680623427628,1
1.5054579719917212,-3.8089248390036636,1
1.380310234971894,-1.5746625370332488,1
0.03835376219376036,-0.28639664798065123,1
1.4448670731106672,-2.89244255105875,1
1.6136901836302737,-2.9378635659166337,1
-0.5471389341792151,2.4603800783091425,1
1.4785441500623189,-2.0310283583440487,1
0.5456275790176983,-1.7903113785036782,1
1.4819656840496405,-0.9815641105131281,1
1.3950523209060677,-1.6323043107273174,1
-0.425918485078698,2.0190242602341315,1
1.6241758810523979,-3.1019643588940515,1
0.17526357250058755,-0.1353063559329701,1
1.5023473072202242,-2.7035599096247815,1
0.4148366031204602,-1.4720467594812876,1
0.10854248761196761,-0.37287625900529403,1
0.7734197949689738,-2.1651483618986727,1
-0.01890794633048666,0.44603299761861304,1
1.2179541790665929,-3.5192937438281775,1
1.3518325632909902,-0.7485648438630973,1
1.1396355937958247,-3.210686118865341,1
1.4719698981278564,-2.946751528605242,1
0.9060659822775161,0.7759969085127277,1
0.27824700287463316,-0.7638183392076566,1
1.4869847425126987,-3.9960285706858225,1
1.2602022150839303,-0.41529359523142906,1
0.13573300091722934,-0.456218298936782,1
-0.2770739847511723,1.3244519612186925,1
-0.28184600542512495,0.7173506864425633,1
0.8385580984153362,-2.915466169422861,1
0.5878601471689053,-1.8900305482889321,1
1.2441995992767434,-3.458236401448477,1
1.3791887021272942,-2.7808283656509203,1
1.5456073644676263,-3.6089471994400752,1
1.462541817582462,-2.2742243614555893,1
1.5405724498203677,-1.8903563648739308,1
1.4878681397777573,-3.3472407914754854,1
-0.03705742530943888,0.15068491987850532,1
1.3288386275120503,-2.902781160207104,1
1.32752337439726,-0.6869584752770135,1
-0.5196624443814517,2.3875164605133885,1
-0.15794391449163633,1.4187491588400098,1
0.7167844685541561,-2.681893800006182,1
1.0927010557975678,-3.449134097833286,1
1.50549980134733,-2.6091264368745484,1
1.1483442630131204,-2.9796995796720567,1
1.4716628359126886,-1.2843069155125917,1
-0.27078810010254645,1.5547683615175871,1
1.444104914065191,-2.362239711485517,1
-0.515392658593155,2.564626528576978,1
1.6658022910543695,-2.8664780436047597,1
0.19874774347855467,-0.625691966700296,1
1.4234531723891213,-3.0481516377538527,1
1.4863663348287226,-3.4615803748385625,1
1.5696372354386106,-3.4859866649313673,1
1.1777001515680414,-2.5570056531753007,1
1.2219815660250153,-0.166890403986533,1
0.7493835697429458,-1.957546318116646,1
-0.45666623387706645,2.0083286456031213,1
0.7356436688847106,-1.9968425116177357,1
0.42237828072825334,-1.3549273153756345,1
-0.12350965001693086,0.5920047922141186,1
0.02403954782448836,0.47425751385308573,1
0.12810833442374578,-0.565986588149529,1
1.1457639762136143,-2.7953472293742667,1
1.5058053267223717,-2.5415947424612724,1
1.5018383676281073,-3.9614839237292774,1
1.367876479291766,-0.6286688814044442,1
1.4632946872214345,-3.371569620778436,1
1.4728440925785973,-3.1821048526056925,1
1.1536178941570105,-2.6486757190607633,1
0.27819464733242794,-0.8802434557868806,1
1.148057733125756,-0.008807278684338131,1
0.5970403352030605,-1.870430097061603,1
1.4834781989706098,-2.176242260517583,1
0.39716478321310406,-1.0577986665699586,1
1.5159200193833027,-2.2716545343068244,1
1.5361408202366953,-3.56052608470218,1
1.5990752623464561,-3.864407249114176,1
1.2430309041011334,-3.30030622740913,1
0.14326343101063058,-0.6584545994294527,1
1.8037913353195685,-4.324521227803048,1
1.1521464825137877,-2.973386369496912,1
1.1411472060101298,0.25765915739488754,1
0.9793106319178809,-2.2491420414651357,1
1.5529383893741013,-3.3780580447182333,1
1.5704516314783867,-2.1114446259130095,1
1.292297004078415,-3.5739166501485258,1
0.9113021710160585,-2.4970368079292875,1
-0.39615549338277806,1.5392105102907891,1
-0.23940985870647052,1.3831249289446204,1
0.2714573400283157,-0.4892745296915568,1
0.6447014863841385,-1.8589460890365481,1
1.4948554656209456,-1.4195547793234609,1
-0.4798264473021676,1.9669505999968155,1
1.107230409023488,0.365977820857183,1
0.731411033297974,-2.281635267665162,1
1.540068788842098,-3.872703319557804,1
1.280766431759445,-3.5204703854378616,1
1.6254133988914088,-3.135367642535892,1
0.19252851501836044,-0.5976696402745855,1
0.9168997661294152,-2.6174269920878377,1
0.5695070773745168,-1.479918501031038,1
0.8408525346788702,-2.4846535541734833,1
0.09244641266375056,-0.05798712549305737,1
1.3071217442986676,-4.2226491270403566,1
-0.012180537064331656,0.23434136587567833,1
1.472770383287627,-2.08633329855113,1
1.3419371719967326,-3.215841338080764,1
1.5863231316137716,-4.14573984298318,1
0.5173168190669213,-1.6123098641502285,1
1.673229334316115,-3.353502110961454,1
0.5555349643138513,-1.5969468895199395,1
0.50540378929561,-1.3454747109117775,1
1.4617745447334978,-2.3336530041936356,1
0.4371971537065352,-1.347949553163064,1
1.2444189126553704,-0.6595750406504673,1
0.2536227776955115,-0.07346224731957497,1
0.9901882930641102,-2.8687335439651656,1
0.8039455800115902,-2.0004424116498196,1
0.20017808320488806,-0.42092868725359756,1
-0.32006251426672916,1.9407096123306073,1
1.4751399271750882,-4.1641068675310695,1
-0.29101604847177603,1.480173672773191,1
1.430114078258529,-3.533771591255378,1
1.1760401774326628,-2.860468657303423,1
1.2838832200574055,-3.0492382079050464,1
1.1206603761534586,-2.7084871450353334,1
1.554139911410267,-3.2982631609708526,1
0.32012311224579393,-1.051212175310276,1
1.5750887177671637,-3.3332354067567307,1
1.6142964389582832,-3.1335857495691695,1
0.4231184109003786,-0.6806465520571006,1
0.16526177994245153,-0.5854189843958333,1
0.6064143698328759,-1.5410712066301775,1
1.3603100578845368,-3.050997704711857,1
0.0084621107101554,-0.0037920175743004357,1
1.7165668308108162,-3.6205231908340068,1
0.23129223694221068,-0.8742814799648035,1
1.50403348053372,-2.271975855218544,1
-0.41620419500726774,2.3451776660802834,1
1.6319200184063203,-1.7735162665613617,1
1.1614419582609479,-3.4361653829946475,1
1.26606625044615,-3.534481874257212,1
1.3768388841980328,-3.1159038748960843,1
-0.01784547370918696,0.35662228652216,1
1.2805947740794321,-0.44894938938017553,1
0.3672401549302544,-0.9704212721410644,1
0.9509101352021714,-2.8766315228284425,1
1.3672092483225935,-1.0084167205599355,1
0.03150133919221291,-0.0285738681783886,1
-0.1468833497455177,1.081372802186974,1
1.5963609186249075,-2.7264269825599894,1
1.2205669512830686,-0.096263822638838,1
0.14791290289653283,-0.26830847648729567,1
0.13636118258544722,-0.3431511198346898,1
0.9893605094753415,-2.8100050704640647,1
1.5310932946273288,-2.086652428735078,1
0.9099526871633379,-2.3171757200026377,1
0.3626111162610143,-1.041472189753018,1
0.626759846914762,-1.450207632562194,1
1.633695172615203,-3.6472377720883253,1
-0.24173762250254666,1.1290730787715597,1
-0.2985685761900288,1.712505347086644,1
1.150815434606999,-0.2534114135724657,1
1.7739586275458126,-4.445776759747571,1
0.16231492405592646,-0.1565735870667952,1
1.247445546453577,-2.4986799074939965,1
1.0799013890619715,-3.0630354157815103,1
1.4422558216850023,-2.6916396744230138,1
0.16956541100393765,-0.39892954906445166,1
-0.34758487729778226,1.8686445084464915,1
1.5491457489062266,-3.9737827737104614,1
0.18483034149338112,-0.2792000874557806,1
0.11639876995619378,-0.2740827823916441,1
-0.3316001213233635,1.7153307653329501,1
0.7749608459980621,-2.433031786670886,1
1.3636102940777546,-2.148049666305095,1
1.4136415649220948,-4.015244366265821,1
1.7144879190979825,-3.5675831030804095,1
1.3516816992895655,-2.575246193423442,1
-0.5501766298835287,2.16260005703641,1
1.5542025518476013,-3.2240117872036516,1
0.8511062227500954,-2.7004851486181884,1
0.9572491497183185,-2.839804437270602,1
0.7382298537281285,-2.309587935014665,1
1.361178549541249,-3.6209449796866076,1
1.4588187871919645,-1.4524190909650494,1
1.195243821097281,-0.34736908922056936,1
1.1224692857687648,-0.08322387258674258,1
1.0231047632162034,-2.8176153424115533,1
1.4245131457290803,-3.1784467686708897,1
1.5044764897889398,-2.0563773520096675,1
1.3311433007171547,-2.8401376403094796,1
-0.12235200947325925,0.6635767931912919,1
1.5072580627286354,-3.4640507586785745,1
1.5605978775134899,-1.643374847326121,1
1.457484342858067,-1.4501464406460518,1
1.3330369816796304,-3.4883347710175028,1
1.1577706226698707,-0.36760556873420985,1
0.5668860271164695,-1.7188125463061563,1
0.7789697768440155,-2.4860828495880853,1
-0.21686178608433826,0.790235607820089,1
0.026857850055768517,0.15818223912996324,1
1.6266542802769242,-2.723379817300155,1
1.5781039885704446,-2.6237415697376254,1
1.3616113303433846,-1.5925732823150536,1
1.5869137777320015,-4.336392024399205,1
1.4085686966620141,-1.1590264472268879,1
-0.40313678933115127,1.7984513709088807,1
0.983137875793157,-2.72291031620199,1
-0.20524048240185253,1.3647361034300045,1
1.4390963085807638,-2.4820438599859944,1
0.31566533050344514,-1.1326392258191196,1
0.19162090815049276,-0.3853056706566056,1
1.2950699017478062,-3.3964048706996706,1
1.275298902900419,0.08193398089455393,1
0.438264773969162,-1.4275470912610433,1
0.5872129179481566,-1.367118697073227,1
1.5690366238097162,-2.8974216741093866,1
0.225753126328347,-0.5072803125053134,1
1.4935624824200493,-3.3277337597893655,1
-0.3594325797780754,1.6474573078826185,1
1.3713724757580925,-0.7912792999162879,1
-0.4599049394733045,2.0435382903863832,1
-0.2458222525375756,1.2220834981857571,1
-0.11074977951020548,0.9668121550840167,1
1.0881457417095515,0.14825968001941084,1
0.5979655336798253,-1.6250087112977667,1
1.7145556372061372,-2.8669267255566915,1
-0.13608266565367338,0.8884307457551216,1
1.5898224216627894,-2.8886764679595327,1
1.0020423195763084,1.0139131355416635,1
0.5173230412016522,-1.8060609119367201,1
0.7195708037154902,-2.1599313059153804,1
1.7967499359984354,-3.825882615574626,1
0.39435914271188693,-1.475072279823022,1
-0.12781066882670702,0.2980353585016171,1
0.016322246536192492,0.5849242963099395,1
1.165527958293067,-0.7675909720494729,1
1.444690163998452,-2.0012937525453407,1
1.546225735540978,-4.170478594364636,1
-0.056890522920847134,0.3034864071610734,1
1.8929235393305213,-4.0283611426775225,1
-0.44871468116750735,1.7195455645456954,1
1.5626485832565196,-1.6938741434399165,1
0.8643140630971867,-2.4385557845021424,1
1.503222478556014,-2.8535377976042704,1
0.4185326920033251,-1.0884440191062024,1
1.1320652353322442,0.45905853840156097,1
-0.5065780318811777,2.1500590858654376,1
1.5655408378903202,-2.7850679423318785,1
1.565902894020131,-3.8981057331262523,1
1.387930915181355,-1.8104700401379705,1
-0.3219983905568231,1.4425233143595098,1
-0.23738119766138763,1.111993601230521,1
1.8697403722601524,-3.4096524881428163,1
0.9442873036957538,-2.614185939097212,1
1.5574676661782727,-3.8014693280767045,1
0.23586874527475937,-0.47941713224861393,1
0.40033849980742076,-1.1388603449971169,1
1.4373486112553309,-3.208815477391348,1
0.8868814126620811,-2.5411250873084916,1
0.07497976928506032,0.14927183837487523,1
0.38293853317316634,-1.0171506998308764,1
1.5847843673398927,-2.617139507864256,1
1.5312012960657972,-1.710753025425971,1
1.293354322974762,-0.8000964676157518,1
-0.4087117815511794,1.9984720490230217,1
0.31893473406134065,-0.9682318590501149,1
1.1479233649853666,-3.2576982784496606,1
-0.10859553747158023,0.5602111570559717,1
1.7378297685166584,-3.6159982373026724,1
0.7403427299499554,-2.437777201863893,1
1.6144750313702079,-3.8486302267408314,1
1.3405284925746874,-1.1104008103642686,1
0.7873691043015643,-2.375986074839127,1
0.5630432662092302,-1.5654349678564135,1
1.5389009235729525,-1.355525779713665,1
0.9072742808961605,0.4537306621117429,1
0.01668165906597549,-0.09293492330347598,1
1.5552689980905945,-1.6721207627472225,1
1.6033939989556576,-3.7576716628078097,1
1.7867445412451428,-3.828993391254893,1
1.3046286635303728,-2.3629243441590457,1
1.2775673713579343,-0.6282432542897752,1
0.9630396457161483,0.666464581255236,1
1.1675346031486735,0.15122398355611547,1
-0.5271801256774971,2.1509306496289744,1
0.5639112146474898,-1.5095643157596854,1
0.34535439138588303,-0.7275142005312367,1
1.2658398045958539,-3.087166221365523,1
-0.09876075370580045,0.553699470549149,1
0.9783608712263417,1.019525001572047,1
1.4563739376418186,-3.4933272520797574,1
1.445887932500065,-2.9418733799368746,1
-0.6481924887056156,2.878950277089291,1
1.6449402995903037,-3.692807554053238,1
1.4197105382468047,-3.65109467126755,1
1.3540283942683848,-1.0296269292217257,1
1.5736337909987979,-3.6507540596149015,1
1.6096455170823383,-2.921397783705141,1
1.5680722359701598,-1.2887259025534419,1
0.9597961944370036,-2.4132897444360792,1
-0.2672420329583521,1.4555960042805784,1
0.9005732247652443,-2.7954109689579876,1
1.480510051954614,-2.9499639632559473,1
1.1968945296830518,-0.3591035102049131,1
1.328512331942827,-1.308458821713754,1
1.4570003767403314,-2.572812066231155,1
0.34454996468551935,-1.0681222031281592,1
0.251530837419538,-0.8513361109744162,1
1.0560427062561515,-2.8343323855382185,1
1.2320238001628776,-2.9446598814957374,1
1.3556086882017162,-2.6530428578195284,1
0.6859685179515265,-2.075914446705801,1
1.5166919425926393,-2.034473490152167,1
1.33867655803845,-2.894073396719858,1
0.3550073633257592,-1.0383944085862478,1
1.6761095789427327,-3.5365878646661595,1
1.4830622030554055,-1.115870039413243,1
1.501365635186279,-2.382447491717951,1
-0.03623736668727825,0.15897715511507388,1
0.2747749746857192,-1.0638103371749061,1
1.7218836768405341,-3.946382556419831,1
1.1994782463997127,-3.3373808198588635,1
1.1221547219729346,-2.8803268373354016,1
1.4648263509066437,-1.9895769884501897,1
-0.24329410649116062,1.2807256604078594,1
1.164570286478111,-0.26560317720669063,1
0.9870727617674657,0.11507800061054792,1
0.03374601909928253,0.12834203152061482,1
1.3845146140426021,-1.086262398689665,1
-0.4633742800824841,2.054426380518692,1
1.4427038826555336,-1.5604757866433832,1
-0.3450978745319645,1.748292023644034,1
0.9463620082116114,-2.930224702329779,1
1.5704800749488723,-2.4885841943632774,1
1.3867015923693118,-3.22573183238491,1
1.2990720752952511,-0.7623684560460441,1
1.5323436229578633,-3.016301204830062,1
1.49539562120356,-3.115239461352425,1
0.9366125361914817,-3.093094440713867,1
1.3213646537728914,-4.148033713709384,1
1.264754155725317,-0.29537224053199207,1
1.4626281432839943,-1.501583964079552,1
1.6283050745278076,-2.724481376280679,1
1.4443175950151617,-1.8314975627423538,1
-0.005755836873962222,0.04308663629432931,1
1.5011791147002849,-3.2126117095793436,1
1.2213178487062588,-0.5022491468090892,1
1.4784723577049943,-1.2966238836832522,1
0.9491950705298016,-3.153200577946037,1
0.7355795321123874,-1.6477230363660846,1
0.09919534088279258,-0.3427746672295798,1
0.36424193543682215,-0.8309804820637892,1
1.3970029099008654,-3.3178887003545707,1
1.4150978193994244,-3.1341348189012415,1
1.5765676662849988,-2.061280675196723,1
0.17034771383393163,0.006408613142938668,1
1.1447757303340693,-3.6052506917536546,1
1.0756010773364335,-2.920755305026876,1
1.5997121093705808,-2.6107987754878814,1
1.425211955639881,-1.1080166732507823,1
1.3795681741525698,-2.394582662388505,1
1.4566140996887815,-1.6756072076511672,1
0.1306694350517195,-0.35530451669882274,1
1.4950373603512008,-3.073576096474157,1
1.2077881457395918,-3.5090571524393974,1
1.4006249685051693,-1.679348056296071,1
1.295439264971259,-2.9834453949834487,1
1.2392130742067902,-0.42889269858202117,1
1.467168736785633,-3.441019744968484,1
1.5134169212811428,-3.137267213756198,1
1.3977103914988627,-1.2381003694613504,1
1.0944013752455537,-3.085348122153658,1
1.0626761043919017,-2.662575294891479,1
1.5450207318448488,-4.029580194533794,1
0.6285731408938532,-1.931235700046147,1
1.4086871089872033,-1.8643703129504012,1
1.091941305890729,-2.5222928531548283,1
-0.10681499772660705,0.513956103940219,1
1.7010320631530107,-3.319397610483698,1
0.657524514726145,-2.0423444478091057,1
1.5574622029680416,-1.639219737571404,1
1.519389685967523,-3.4812058778467443,1
1.7014837232485107,-3.459299464702358,1
0.9572770034990324,-2.8674101206532905,1
1.3606464329967043,-1.3813591018949722,1
0.585611929458639,-1.8733278031627554,1
1.4798146487568509,-2.112369828943106,1
1.4450007158069509,-2.4751058249435887,1
1.046528387278605,-2.9384513489807786,1
1.5072048154086617,-4.4225395063010495,1
0.7922503785423944,-2.0673057733803173,1
0.47228048673120376,-1.1017087185678716,1
0.586649681756688,-1.6974108838739241,1
1.1439856896736105,-3.3304168964964265,1
1.2392751537847408,-3.8952159114188607,1
0.6010077294004226,-1.6545291279271819,1
1.2739768371280764,-0.4501878162773596,1
0.833852107587016,-2.8181833495437196,1
1.300387389653539,-3.437834866089649,1
0.6959913547909242,-1.7462515862232346,1
1.2216433924924317,-3.0128014972561536,1
1.4664982803012159,-2.7012823613126153,1
0.8636473127683432,-2.7495865847445784,1
1.3542052289714803,-0.5854538128928246,1
1.2982013777422714,-1.1266552719163827,1
1.495915108604993,-2.9921114664649813,1
1.7057840439150413,-3.0148857307895476,1
-0.4094458232422321,2.198532454937107,1
1.3260909237855585,-1.1013006008774384,1
-0.19990750571680507,1.0541657052495292,1
0.4475550385228438,-1.1983082872610975,1
1.421008195487702,-1.9521269948641222,1
0.24197999296338502,-0.7936019943829011,1
-0.15491402167825735,1.2132074591198663,1
0.29049816451817045,-0.678032388674061,1
1.3545302235982306,-2.3321972094131507,1
1.679023295629718,-2.4961401734468494,1
1.246683761414373,-3.6234664475227505,1
1.5138060941430038,-2.1729979450169616,1
-0.3964270495647385,1.8427756826991426,1
0.3487951248877021,-1.044948971467776,1
1.4653428968938247,-3.3514286870375356,1
1.604039530373008,-2.8155168102079107,1
1.264382760229617,-3.421621488908627,1
1.5205151780920052,-3.7372747272049804,1
-0.30998763720338673,1.226220556624478,1
1.49023029049671,-1.793436332665181,1
0.4789936091469304,-0.8435458370223631,1
-0.362315551611351,1.955400015817124,1
1.5711256267406084,-2.156144498542392,1
1.6980109376857158,-2.6556610796781603,1
1.6915796124531424,-2.7401972625703213,1
1.320407520991654,-3.1705605809721695,1
1.530646886722442,-2.48744084290946,1
1.651682455672044,-3.7752454677798437,1
-0.1447731735686288,1.0789250696099428,1
-0.290615152062617,1.3718773047350832,1
-0.31470284243737295,1.7378532949630088,1
-0.5147901559791199,2.1390622267394,1
1.431747221757119,-3.9075416916756267,1
1.5880544372638115,-2.318620710447303,1
1.5721618953685355,-2.9672140759317434,1
1.477598549963031,-3.844099604080039,1
-0.06091475394397818,0.059384714279024045,1
-0.18501909289625687,0.9158898041154986,1
1.2529811010090641,-3.2470556845990877,1
0.28350296173767,-0.9044210730766163,1
0.652712227929654,-2.024738237323349,1
1.4036752995387343,-1.7134684616956726,1
1.363263502565832,-1.4385567522578615,1
0.4130101314174568,-1.3246354728230798,1
-0.150793744629942,0.9684199860111155,1
-0.3135679785299231,1.6098522417392847,1
1.5444818303281567,-2.2599670988017375,1
1.611735124039714,-3.029107739261923,1
1.5077876709444202,-2.777040569690433,1
-0.3796809331387883,2.0207701935999403,1
0.5821472396296647,-1.4656216956387482,1
1.45114490732201,-2.731193494565635,1
1.1696107828392601,-3.0631503272254674,1
1.136992877945994,0.37311921155635347,1
1.3727202722308565,-0.8392001611058535,1
1.4857454667334826,-3.534712479760216,1
1.3540641395024204,-3.827716088950678,1
1.323157048805467,-1.3783174336558466,1
1.3880726636663268,-1.7409003477417513,1
-0.09832356259022582,0.984688025227332,1
1.1463023452232175,-3.245678361364319,1
-0.6549584780136314,2.930808131493007,1
-0.4643885633036855,2.3024462315741467,1
1.0978993890670443,-3.443620873326479,1
1.3456941315627058,-1.0915946270555432,1
1.392434884024502,-3.391488243298848,1
-0.15941696021327983,0.4362049952110853,1
1.242474794660981,-3.696372741299653,1
1.3474478951866502,-3.7435537052022174,1
1.013758722459913,0.6549724784926811,1
1.0216003287257855,-2.7875185746877027,1
0.9988953187379979,-2.834896691008566,1
0.8033663278950522,-1.9824007288871257,1
0.5055433706321489,-1.2744724452970921,1
1.5526469841666812,-2.321969685857558,1
1.2467203603952752,-3.1778838363325965,1
-0.048521834944519365,0.6277063986048281,1
1.333827102192255,-3.0838384730368573,1
0.3885594142948815,-0.9770088731049128,1
1.4299614023817622,-3.2410537720695936,1
1.4475648142556232,-1.498111241982369,1
1.2123941745934266,-0.35800082760537627,1
1.6553861947431479,-3.05947605657582,1
1.5519513322114014,-4.503184235027742,1
1.395559591512724,-2.4886841310466146,1
-0.33692092214605995,1.8715381026396871,1
1.2511889702660697,-2.365185731176643,1
0.9304420206261292,-2.785589816052668,1
0.0664670498352013,-0.3666858383503889,1
0.257178482157781,-0.818200251776073,1
1.1818255284458665,-3.3656095297579913,1
0.9651938267876443,-2.2523026987515316,1
0.9073375166924169,-2.995750118327022,1
1.8808984624321887,-3.9772855937599387,1
1.6775853625446964,-3.267384690663341,1
-0.059030106881177616,0.7007681551384797,1
0.8095086562988556,-1.7505025715243252,1
1.34607594865217,-3.3161957835911577,1
0.4619565039665413,-1.506780073838803,1
1.6525810643601897,-3.575568519929467,1
-0.3312179974993254,1.8240441880788514,1
1.6344638055138416,-3.065830580205468,1
-0.1554116963363658,0.5262646317011221,1
0.018251674776956717,0.3478862594401169,1
0.6479062185177356,-2.0195117004657455,1
1.2975731242420885,-3.84429092369368,1
0.027913459559039316,0.2972560254458094,1
